Threshold,TP,FN,FP,TN,Accuracy,Precision,Recall,F1,FPR,FNR,AUC,EER,LogLoss,ECE
0.0017656421763019591,32,68,1,99,0.655,0.9696969696969697,0.32,0.48120300751879697,0.01,0.68,0.7692000000000001,0.36,0.6875048705304411,0.0049394500594680535
